{
  "timestamp": "2026-03-22 01:25:57",
  "split_dir": "saved_models\\bench_newflow_200k_split",
  "model_dir": "saved_models\\bench_newflow_200k_bpr",
  "model": {
    "method": "bpr",
    "n_factors": 50,
    "n_epochs": 30,
    "learning_rate": 0.05,
    "regularization": 0.01,
    "rating_positive_threshold": 7.0,
    "use_implicit_signal": true,
    "warm_start_from_als": true
  },
  "split_metadata": {
    "version": 2,
    "format": "csv_split",
    "random_state": 42,
    "test_ratio": 0.2,
    "relevance_threshold": 7.0,
    "leave_one_out": false,
    "min_train_items": 10,
    "min_test_items": 3,
    "source_rows": 200000,
    "eval_users": 971,
    "train_interactions": 169353,
    "test_interactions": 30077,
    "train_csv": "saved_models\\bench_newflow_200k_split\\train_ratings.csv",
    "test_csv": "saved_models\\bench_newflow_200k_split\\test_ratings.csv"
  },
  "data": {
    "train_users_after_filters": 951,
    "train_items_after_filters": 1473,
    "train_ratings_after_filters": 121203,
    "heldout_eval_users": 971,
    "heldout_test_interactions": 30077,
    "implicit_interactions": 216383
  },
  "timings_seconds": {
    "split_creation_or_load": 2.2373547554016113,
    "test_map_load": 0.04500555992126465,
    "rating_matrix": 0.17199134826660156,
    "implicit_matrix": 5.581494331359863,
    "implicit_train": 0.5240044593811035,
    "collaborative_train": 0.7120025157928467,
    "evaluation": 1.5904765129089355,
    "total": 10.871320962905884
  },
  "results": {
    "K=5": {
      "precision": 0.23301787592008413,
      "recall": 0.06128043681160093,
      "f1": 0.08592706451515342,
      "hit_rate": 0.6645636172450052,
      "mrr": 0.4089554854539082,
      "ndcg": 0.2403771305289447,
      "map": 0.15185068349106207,
      "evaluated_users": 951
    },
    "K=10": {
      "precision": 0.2170347003154574,
      "recall": 0.10685782746367496,
      "f1": 0.12234727086598554,
      "hit_rate": 0.8264984227129337,
      "mrr": 0.43130122010248195,
      "ndcg": 0.23543258938306832,
      "map": 0.12182680809793249,
      "evaluated_users": 951
    },
    "K=20": {
      "precision": 0.19758149316508936,
      "recall": 0.18101797003427103,
      "f1": 0.15895738553924732,
      "hit_rate": 0.9284963196635121,
      "mrr": 0.4387027232403047,
      "ndcg": 0.24311183275381956,
      "map": 0.10728803181235702,
      "evaluated_users": 951
    },
    "skipped_not_in_model": 20
  }
}