{
  "timestamp": "2026-02-06 19:24:57",
  "config": {
    "sample_users": 500,
    "k_values": [
      5,
      10,
      20
    ],
    "leave_one_out": false,
    "relevance_threshold": 7.0
  },
  "fixes_applied": [
    "Train/Test split keeps ALL interactions in train",
    "Content-Based uses multi-item user profile",
    "Implicit ALS uses correct index mapping",
    "Hybrid uses consistent ID space"
  ],
  "results": {
    "Content": {
      "K=5": {
        "precision": 0.11480000000000001,
        "recall": 0.030619564318103552,
        "f1": 0.04049490370524365,
        "hit_rate": 0.41,
        "mrr": 0.2486,
        "ndcg": 0.12654030077653625,
        "map": 0.07497333333333332,
        "evaluated_users": 500
      },
      "K=10": {
        "precision": 0.0824,
        "recall": 0.043310953968621224,
        "f1": 0.04577005662222745,
        "hit_rate": 0.514,
        "mrr": 0.26268412698412696,
        "ndcg": 0.10495527745468161,
        "map": 0.04777529604434366,
        "evaluated_users": 500
      },
      "K=20": {
        "precision": 0.0529,
        "recall": 0.05563319379581706,
        "f1": 0.042776650314025916,
        "hit_rate": 0.584,
        "mrr": 0.26778154006296423,
        "ndcg": 0.08715449179356483,
        "map": 0.03211359288154377,
        "evaluated_users": 500
      }
    },
    "Collaborative": {
      "K=5": {
        "precision": 0.09559999999999999,
        "recall": 0.020691019462153105,
        "f1": 0.02853521896982179,
        "hit_rate": 0.334,
        "mrr": 0.1855,
        "ndcg": 0.09893681002639201,
        "map": 0.056931666666666665,
        "evaluated_users": 500
      },
      "K=10": {
        "precision": 0.082,
        "recall": 0.03515540374061194,
        "f1": 0.03944498548945273,
        "hit_rate": 0.448,
        "mrr": 0.20091984126984128,
        "ndcg": 0.09172960290636467,
        "map": 0.040820230536659105,
        "evaluated_users": 500
      },
      "K=20": {
        "precision": 0.0674,
        "recall": 0.05815378442467509,
        "f1": 0.04932644967776919,
        "hit_rate": 0.626,
        "mrr": 0.21327628093440784,
        "ndcg": 0.08660808889726264,
        "map": 0.029319986247744196,
        "evaluated_users": 500
      }
    },
    "Implicit": {
      "K=5": {
        "precision": 0.39159663865546224,
        "recall": 0.051139373301407845,
        "f1": 0.08431248569877646,
        "hit_rate": 0.8991596638655462,
        "mrr": 0.6117647058823528,
        "ndcg": 0.405272683876831,
        "map": 0.28263305322128857,
        "evaluated_users": 119
      },
      "K=10": {
        "precision": 0.37899159663865545,
        "recall": 0.09335457941654203,
        "f1": 0.13608020880270594,
        "hit_rate": 0.9747899159663865,
        "mrr": 0.6218587434973989,
        "ndcg": 0.39217961049185673,
        "map": 0.23400030382523382,
        "evaluated_users": 119
      },
      "K=20": {
        "precision": 0.34327731092436975,
        "recall": 0.158268143616079,
        "f1": 0.1934379083598726,
        "hit_rate": 0.9831932773109243,
        "mrr": 0.6225051559085173,
        "ndcg": 0.3693437082154906,
        "map": 0.19088117630975962,
        "evaluated_users": 119
      }
    },
    "Popularity": {
      "K=5": {
        "precision": 0.066,
        "recall": 0.016035745074794664,
        "f1": 0.021145920313806785,
        "hit_rate": 0.272,
        "mrr": 0.16153333333333333,
        "ndcg": 0.07410156610155573,
        "map": 0.040126666666666665,
        "evaluated_users": 500
      },
      "K=10": {
        "precision": 0.0564,
        "recall": 0.024376612537963183,
        "f1": 0.026798489334498462,
        "hit_rate": 0.376,
        "mrr": 0.17409761904761906,
        "ndcg": 0.06743916148559737,
        "map": 0.02882767195767196,
        "evaluated_users": 500
      },
      "K=20": {
        "precision": 0.049100000000000005,
        "recall": 0.039505096644598926,
        "f1": 0.03502229296736156,
        "hit_rate": 0.522,
        "mrr": 0.18389429136395083,
        "ndcg": 0.06458793546731967,
        "map": 0.021816032292520236,
        "evaluated_users": 500
      }
    },
    "Hybrid": {
      "K=5": {
        "precision": 0.2112,
        "recall": 0.051358900352577494,
        "f1": 0.0709111682547584,
        "hit_rate": 0.624,
        "mrr": 0.38330000000000003,
        "ndcg": 0.22065455012584165,
        "map": 0.138405,
        "evaluated_users": 500
      },
      "K=10": {
        "precision": 0.2038,
        "recall": 0.10087338740354794,
        "f1": 0.11039002653462499,
        "hit_rate": 0.826,
        "mrr": 0.41093095238095234,
        "ndcg": 0.2216310127733168,
        "map": 0.11161463844797177,
        "evaluated_users": 500
      },
      "K=20": {
        "precision": 0.1938,
        "recall": 0.1735992445937028,
        "f1": 0.1506353520883871,
        "hit_rate": 0.92,
        "mrr": 0.41776151654503046,
        "ndcg": 0.2320177995632406,
        "map": 0.09927173868267777,
        "evaluated_users": 500
      }
    }
  },
  "total_time": "76.74s"
}