{
  "timestamp": "2026-04-09 11:44:10",
  "config": {
    "sample_users": 500,
    "k_values": [
      5,
      10,
      20
    ],
    "split_path": "C:\\D\\nam4_ki2\\RecommenderSystem\\saved_models\\splits\\ratings_user_split.pkl",
    "split_format": "legacy_pickle",
    "diversity": true
  },
  "results": {
    "Content": {
      "K=5": {
        "precision": 0.044,
        "recall": 0.012857041982866782,
        "f1": 0.0167596019095849,
        "hit_rate": 0.196,
        "mrr": 0.10439999999999999,
        "ndcg": 0.04733716676840507,
        "map": 0.02442166666666667,
        "ILD": 0.7038454000000001,
        "genre_coverage": 0.26977260000000003,
        "genre_entropy": 2.2844992000000004,
        "evaluated_users": 500
      },
      "K=10": {
        "precision": 0.0368,
        "recall": 0.01811719246360436,
        "f1": 0.019970391816561087,
        "hit_rate": 0.28,
        "mrr": 0.1154531746031746,
        "ndcg": 0.042855904131486856,
        "map": 0.01671001606198035,
        "ILD": 0.7250546000000001,
        "genre_coverage": 0.37004319999999996,
        "genre_entropy": 2.5024499999999996,
        "evaluated_users": 500
      },
      "K=20": {
        "precision": 0.033100000000000004,
        "recall": 0.02847463443048121,
        "f1": 0.024642304939365423,
        "hit_rate": 0.43,
        "mrr": 0.12604570664973141,
        "ndcg": 0.0431681824561634,
        "map": 0.01300411515037455,
        "ILD": 0.7418611999999999,
        "genre_coverage": 0.4809116,
        "genre_entropy": 2.6626242,
        "evaluated_users": 500
      }
    },
    "Collaborative": {
      "K=5": {
        "precision": 0.12644628099173552,
        "recall": 0.02711654817138198,
        "f1": 0.03982666458452661,
        "hit_rate": 0.41735537190082644,
        "mrr": 0.2490358126721763,
        "ndcg": 0.13313850959357024,
        "map": 0.07863177226813589,
        "ILD": 0.8703495867768595,
        "genre_coverage": 0.26761012396694217,
        "genre_entropy": 2.3397561983471076,
        "evaluated_users": 484
      },
      "K=10": {
        "precision": 0.1169421487603306,
        "recall": 0.049975762178480834,
        "f1": 0.06080502748770811,
        "hit_rate": 0.5702479338842975,
        "mrr": 0.269987209759937,
        "ndcg": 0.12726014073520361,
        "map": 0.05792822317172966,
        "ILD": 0.8714962809917355,
        "genre_coverage": 0.3975822314049587,
        "genre_entropy": 2.66925867768595,
        "evaluated_users": 484
      },
      "K=20": {
        "precision": 0.10144628099173555,
        "recall": 0.0861093275621003,
        "f1": 0.07891837851838278,
        "hit_rate": 0.7252066115702479,
        "mrr": 0.28091139451001795,
        "ndcg": 0.12431282126287496,
        "map": 0.04439378091973751,
        "ILD": 0.8762927685950415,
        "genre_coverage": 0.543625826446281,
        "genre_entropy": 2.897416115702479,
        "evaluated_users": 484
      }
    },
    "Implicit": {
      "K=5": {
        "precision": 0.2677685950413223,
        "recall": 0.07272115821332521,
        "f1": 0.10168306144258825,
        "hit_rate": 0.7148760330578512,
        "mrr": 0.4547865013774105,
        "ndcg": 0.2787954765937497,
        "map": 0.1855446510560147,
        "ILD": 0.7126987603305786,
        "genre_coverage": 0.27869400826446283,
        "genre_entropy": 2.3411004132231406,
        "evaluated_users": 484
      },
      "K=10": {
        "precision": 0.2483471074380165,
        "recall": 0.12904717196864612,
        "f1": 0.14574910108362607,
        "hit_rate": 0.871900826446281,
        "mrr": 0.4759658271021907,
        "ndcg": 0.27088985515963226,
        "map": 0.14645678465754222,
        "ILD": 0.74836673553719,
        "genre_coverage": 0.38674028925619836,
        "genre_entropy": 2.5887380165289255,
        "evaluated_users": 484
      },
      "K=20": {
        "precision": 0.21735537190082646,
        "recall": 0.2108075442592544,
        "f1": 0.17998184498672665,
        "hit_rate": 0.9421487603305785,
        "mrr": 0.4811463690930146,
        "ndcg": 0.27507363279140834,
        "map": 0.1281377984209573,
        "ILD": 0.772050826446281,
        "genre_coverage": 0.4998590909090909,
        "genre_entropy": 2.768092768595041,
        "evaluated_users": 484
      }
    },
    "Popularity": {
      "K=5": {
        "precision": 0.068,
        "recall": 0.013905026667724606,
        "f1": 0.02008433282523372,
        "hit_rate": 0.26,
        "mrr": 0.15356666666666666,
        "ndcg": 0.07349089846828528,
        "map": 0.04004666666666667,
        "ILD": 0.7145778,
        "genre_coverage": 0.325874,
        "genre_entropy": 2.5405446,
        "evaluated_users": 500
      },
      "K=10": {
        "precision": 0.055,
        "recall": 0.021066203280331344,
        "f1": 0.025610871206767277,
        "hit_rate": 0.332,
        "mrr": 0.16212063492063492,
        "ndcg": 0.06361145180264503,
        "map": 0.027029365079365077,
        "ILD": 0.7300768000000001,
        "genre_coverage": 0.4155024000000001,
        "genre_entropy": 2.6969610000000004,
        "evaluated_users": 500
      },
      "K=20": {
        "precision": 0.048,
        "recall": 0.03720453751911427,
        "f1": 0.03474570139988934,
        "hit_rate": 0.474,
        "mrr": 0.17185964291985964,
        "ndcg": 0.06026661760792862,
        "map": 0.019259374551565147,
        "ILD": 0.7334176,
        "genre_coverage": 0.5456506,
        "genre_entropy": 2.824426,
        "evaluated_users": 500
      }
    },
    "LearnedHybrid": {
      "K=5": {
        "precision": 0.294,
        "recall": 0.05849717728245525,
        "f1": 0.08656972119947393,
        "hit_rate": 0.674,
        "mrr": 0.49229999999999996,
        "ndcg": 0.3140479487874972,
        "map": 0.2255888888888889,
        "ILD": 0.8797662,
        "genre_coverage": 0.37604380000000004,
        "genre_entropy": 2.7002241999999996,
        "evaluated_users": 500
      },
      "K=10": {
        "precision": 0.25339999999999996,
        "recall": 0.09674581839355911,
        "f1": 0.11903756243429353,
        "hit_rate": 0.788,
        "mrr": 0.5079269841269841,
        "ndcg": 0.28449226361180624,
        "map": 0.17157048941798939,
        "ILD": 0.8654176,
        "genre_coverage": 0.5044548,
        "genre_entropy": 2.9215046,
        "evaluated_users": 500
      },
      "K=20": {
        "precision": 0.21509999999999999,
        "recall": 0.154301160492397,
        "f1": 0.1510988338331797,
        "hit_rate": 0.868,
        "mrr": 0.513747003074325,
        "ndcg": 0.2639344257356331,
        "map": 0.13347789949660716,
        "ILD": 0.8579402,
        "genre_coverage": 0.6200022,
        "genre_entropy": 3.0432962,
        "evaluated_users": 500
      }
    }
  },
  "total_time": "222.84s"
}