{
  "timestamp": "2026-03-22 22:35:27",
  "config": {
    "sample_users": 500,
    "k_values": [
      5,
      10,
      20
    ],
    "leave_one_out": false,
    "relevance_threshold": 7.0
  },
  "fixes_applied": [
    "Train/Test split keeps ALL interactions in train",
    "Content-Based uses multi-item user profile",
    "Implicit ALS uses correct index mapping",
    "Hybrid uses consistent ID space"
  ],
  "results": {
    "Content": {
      "K=5": {
        "precision": 0.106,
        "recall": 0.03489084735190059,
        "f1": 0.04487242896078365,
        "hit_rate": 0.384,
        "mrr": 0.2579666666666667,
        "ndcg": 0.12563418056421408,
        "map": 0.07658222222222222,
        "evaluated_users": 500
      },
      "K=10": {
        "precision": 0.07,
        "recall": 0.04425182930385803,
        "f1": 0.04454832314351616,
        "hit_rate": 0.454,
        "mrr": 0.2677944444444445,
        "ndcg": 0.10014667528820576,
        "map": 0.048118630952380954,
        "evaluated_users": 500
      },
      "K=20": {
        "precision": 0.0454,
        "recall": 0.05347809409974431,
        "f1": 0.04001973315843584,
        "hit_rate": 0.536,
        "mrr": 0.2733191125781683,
        "ndcg": 0.0848410347423776,
        "map": 0.03472173555816745,
        "evaluated_users": 500
      }
    },
    "Collaborative": {
      "K=5": {
        "precision": 0.10679999999999999,
        "recall": 0.03146445010328726,
        "f1": 0.041000014223515464,
        "hit_rate": 0.38,
        "mrr": 0.20876666666666666,
        "ndcg": 0.11126079500398753,
        "map": 0.06309555555555556,
        "evaluated_users": 500
      },
      "K=10": {
        "precision": 0.0898,
        "recall": 0.0496143969019718,
        "f1": 0.052253642729537315,
        "hit_rate": 0.5,
        "mrr": 0.22528968253968254,
        "ndcg": 0.10380030670669697,
        "map": 0.04656505479969766,
        "evaluated_users": 500
      },
      "K=20": {
        "precision": 0.08030000000000001,
        "recall": 0.08113929891983912,
        "f1": 0.06514801171754545,
        "hit_rate": 0.664,
        "mrr": 0.23625170392043457,
        "ndcg": 0.1064716749082484,
        "map": 0.039173465224003154,
        "evaluated_users": 500
      }
    },
    "Implicit": {
      "K=5": {
        "precision": 0.2808,
        "recall": 0.07536120049233448,
        "f1": 0.10024209710928736,
        "hit_rate": 0.712,
        "mrr": 0.48096666666666665,
        "ndcg": 0.2989855113557517,
        "map": 0.20337833333333333,
        "evaluated_users": 500
      },
      "K=10": {
        "precision": 0.26080000000000003,
        "recall": 0.12760905134600783,
        "f1": 0.13985336450894403,
        "hit_rate": 0.836,
        "mrr": 0.497915873015873,
        "ndcg": 0.28972487349263437,
        "map": 0.1652473148148148,
        "evaluated_users": 500
      },
      "K=20": {
        "precision": 0.2363,
        "recall": 0.2133490070749632,
        "f1": 0.18132277202752534,
        "hit_rate": 0.918,
        "mrr": 0.503709266627765,
        "ndcg": 0.2948688560957012,
        "map": 0.14390222925504478,
        "evaluated_users": 500
      }
    },
    "Popularity": {
      "K=5": {
        "precision": 0.06520000000000001,
        "recall": 0.016475323274273417,
        "f1": 0.02306365132382563,
        "hit_rate": 0.258,
        "mrr": 0.14476666666666665,
        "ndcg": 0.06916145373034234,
        "map": 0.03666166666666666,
        "evaluated_users": 500
      },
      "K=10": {
        "precision": 0.054200000000000005,
        "recall": 0.025773903204361445,
        "f1": 0.029731008110267416,
        "hit_rate": 0.36,
        "mrr": 0.15781825396825394,
        "ndcg": 0.06211610613930347,
        "map": 0.0250901278659612,
        "evaluated_users": 500
      },
      "K=20": {
        "precision": 0.0467,
        "recall": 0.04264205992424316,
        "f1": 0.03713106188449339,
        "hit_rate": 0.518,
        "mrr": 0.168501035883621,
        "ndcg": 0.06077286016039595,
        "map": 0.01920517054203223,
        "evaluated_users": 500
      }
    },
    "Hybrid": {
      "K=5": {
        "precision": 0.1884,
        "recall": 0.053140709266575936,
        "f1": 0.07239292086158274,
        "hit_rate": 0.6,
        "mrr": 0.357,
        "ndcg": 0.1972559240418497,
        "map": 0.12060499999999999,
        "evaluated_users": 500
      },
      "K=10": {
        "precision": 0.1926,
        "recall": 0.11236516313312404,
        "f1": 0.11863171182365433,
        "hit_rate": 0.818,
        "mrr": 0.385268253968254,
        "ndcg": 0.207238292492635,
        "map": 0.10049340293524817,
        "evaluated_users": 500
      },
      "K=20": {
        "precision": 0.18330000000000002,
        "recall": 0.1902393013162722,
        "f1": 0.15474945619416114,
        "hit_rate": 0.928,
        "mrr": 0.39355317901053194,
        "ndcg": 0.22551858468951824,
        "map": 0.09363315841122147,
        "evaluated_users": 500
      }
    }
  },
  "total_time": "61.86s"
}