{
  "timestamp": "2026-04-09 19:19:24",
  "config": {
    "sample_users": 5000,
    "k_values": [
      5,
      10,
      20
    ],
    "split_path": "C:\\D\\nam4_ki2\\RecommenderSystem\\saved_models\\splits\\ratings_user_split.pkl",
    "split_format": "legacy_pickle",
    "diversity": true
  },
  "results": {
    "Content": {
      "K=5": {
        "precision": 0.044,
        "recall": 0.012827501633264739,
        "f1": 0.016404796595982922,
        "hit_rate": 0.1908,
        "mrr": 0.10388333333333333,
        "ndcg": 0.047866419135668366,
        "map": 0.025052333333333336,
        "ILD": 0.70211384,
        "genre_coverage": 0.26503913999999995,
        "genre_entropy": 2.266406,
        "evaluated_users": 5000
      },
      "K=10": {
        "precision": 0.03914,
        "recall": 0.021036966204806332,
        "f1": 0.021438024625083353,
        "hit_rate": 0.3036,
        "mrr": 0.11883738095238096,
        "ndcg": 0.04603213981747535,
        "map": 0.017963694192491813,
        "ILD": 0.72152058,
        "genre_coverage": 0.36453116,
        "genre_entropy": 2.48645186,
        "evaluated_users": 5000
      },
      "K=20": {
        "precision": 0.0329,
        "recall": 0.031132642344092756,
        "f1": 0.024783106791943,
        "hit_rate": 0.4226,
        "mrr": 0.12707295901982435,
        "ndcg": 0.04516221379826566,
        "map": 0.01418992170244868,
        "ILD": 0.73961076,
        "genre_coverage": 0.47758282,
        "genre_entropy": 2.6509832199999996,
        "evaluated_users": 5000
      }
    },
    "Collaborative": {
      "K=5": {
        "precision": 0.12073599338432912,
        "recall": 0.028950063573703052,
        "f1": 0.040839152541362396,
        "hit_rate": 0.41327268968368824,
        "mrr": 0.23236165667424713,
        "ndcg": 0.12426628209653316,
        "map": 0.07154026830220751,
        "ILD": 0.8669109778788506,
        "genre_coverage": 0.2696466198056647,
        "genre_entropy": 2.3482920198470127,
        "evaluated_users": 4837
      },
      "K=10": {
        "precision": 0.10857969816001654,
        "recall": 0.05070000594011225,
        "f1": 0.05808799909589179,
        "hit_rate": 0.5617118048377093,
        "mrr": 0.2521716694396041,
        "ndcg": 0.11882862934903984,
        "map": 0.05335468240581479,
        "ILD": 0.8707009303287161,
        "genre_coverage": 0.4010883812280339,
        "genre_entropy": 2.6793322307215215,
        "evaluated_users": 4837
      },
      "K=20": {
        "precision": 0.09505892081868927,
        "recall": 0.08596379203422894,
        "f1": 0.0747008608867428,
        "hit_rate": 0.6985734959685755,
        "mrr": 0.2617013681022025,
        "ndcg": 0.11854636438788795,
        "map": 0.04294203990585852,
        "ILD": 0.8746433739921439,
        "genre_coverage": 0.5456731238370891,
        "genre_entropy": 2.899532168699607,
        "evaluated_users": 4837
      }
    },
    "Implicit": {
      "K=5": {
        "precision": 0.27839569981393425,
        "recall": 0.07493559283446903,
        "f1": 0.10329712554612087,
        "hit_rate": 0.7124250568534215,
        "mrr": 0.4741092963958376,
        "ndcg": 0.29173459811250657,
        "map": 0.1962865527301128,
        "ILD": 0.7219699400454828,
        "genre_coverage": 0.2837797395079595,
        "genre_entropy": 2.3582660119909034,
        "evaluated_users": 4837
      },
      "K=10": {
        "precision": 0.24779822203845356,
        "recall": 0.12647371527878382,
        "f1": 0.14212712599274327,
        "hit_rate": 0.8556956791399628,
        "mrr": 0.4934628409974699,
        "ndcg": 0.2765203471522777,
        "map": 0.15321032642607038,
        "ILD": 0.7500084143063883,
        "genre_coverage": 0.39140876576390327,
        "genre_entropy": 2.6009726896836884,
        "evaluated_users": 4837
      },
      "K=20": {
        "precision": 0.2170767004341534,
        "recall": 0.20686040300554737,
        "f1": 0.17785175904685285,
        "hit_rate": 0.9350837295844532,
        "mrr": 0.4991344599658208,
        "ndcg": 0.27744715748750876,
        "map": 0.13153559034354997,
        "ILD": 0.7750329336365515,
        "genre_coverage": 0.5092437254496589,
        "genre_entropy": 2.783987595617118,
        "evaluated_users": 4837
      }
    },
    "Popularity": {
      "K=5": {
        "precision": 0.06624000000000001,
        "recall": 0.014678265151175419,
        "f1": 0.020506433890803692,
        "hit_rate": 0.2612,
        "mrr": 0.15683999999999998,
        "ndcg": 0.07315832785159995,
        "map": 0.03994383333333334,
        "ILD": 0.7175195600000001,
        "genre_coverage": 0.32580398,
        "genre_entropy": 2.5398209599999997,
        "evaluated_users": 5000
      },
      "K=10": {
        "precision": 0.05214,
        "recall": 0.021234497599968108,
        "f1": 0.02492730161333394,
        "hit_rate": 0.3454,
        "mrr": 0.1673788888888889,
        "ndcg": 0.06281274666973885,
        "map": 0.026504513227513227,
        "ILD": 0.7323873599999999,
        "genre_coverage": 0.41415973999999994,
        "genre_entropy": 2.6962354,
        "evaluated_users": 5000
      },
      "K=20": {
        "precision": 0.046130000000000004,
        "recall": 0.03772392996562112,
        "f1": 0.033925569858351295,
        "hit_rate": 0.497,
        "mrr": 0.1778664116327429,
        "ndcg": 0.06064519989991949,
        "map": 0.01950068566070492,
        "ILD": 0.7349070799999999,
        "genre_coverage": 0.54729964,
        "genre_entropy": 2.82701278,
        "evaluated_users": 5000
      }
    },
    "LearnedHybrid": {
      "K=5": {
        "precision": 0.3594,
        "recall": 0.08231993087127829,
        "f1": 0.11755004166891754,
        "hit_rate": 0.7896,
        "mrr": 0.63192,
        "ndcg": 0.3947883155828941,
        "map": 0.2890891666666666,
        "ILD": 0.9022398799999999,
        "genre_coverage": 0.38865308,
        "genre_entropy": 2.74600128,
        "evaluated_users": 5000
      },
      "K=10": {
        "precision": 0.31006,
        "recall": 0.13722483577394257,
        "f1": 0.1608892694774039,
        "hit_rate": 0.877,
        "mrr": 0.643994761904762,
        "ndcg": 0.3591973354903618,
        "map": 0.22351630231166542,
        "ILD": 0.8702853800000001,
        "genre_coverage": 0.50640092,
        "genre_entropy": 2.9278513999999998,
        "evaluated_users": 5000
      },
      "K=20": {
        "precision": 0.25909,
        "recall": 0.22250001131214045,
        "f1": 0.19878682693856642,
        "hit_rate": 0.9324,
        "mrr": 0.6480171001719299,
        "ndcg": 0.33997814460357506,
        "map": 0.18053855870905192,
        "ILD": 0.8519993,
        "genre_coverage": 0.61291042,
        "genre_entropy": 3.02529514,
        "evaluated_users": 5000
      }
    }
  },
  "total_time": "3824.32s"
}