{
  "timestamp": "2026-03-23 21:13:37",
  "config": {
    "sample_users": 500,
    "k_values": [
      5,
      10,
      20
    ],
    "leave_one_out": false,
    "relevance_threshold": 7.0
  },
  "fixes_applied": [
    "Train/Test split keeps ALL interactions in train",
    "Content-Based uses multi-item user profile",
    "Implicit ALS uses correct index mapping",
    "Hybrid uses consistent ID space"
  ],
  "results": {
    "Content": {
      "K=5": {
        "precision": 0.114,
        "recall": 0.03331411786235117,
        "f1": 0.04359223786057095,
        "hit_rate": 0.404,
        "mrr": 0.2603666666666667,
        "ndcg": 0.12953999010081826,
        "map": 0.07754555555555555,
        "evaluated_users": 500
      },
      "K=10": {
        "precision": 0.0726,
        "recall": 0.04236581194416196,
        "f1": 0.04355451355305108,
        "hit_rate": 0.476,
        "mrr": 0.26994682539682535,
        "ndcg": 0.10132797950408812,
        "map": 0.047495975056689343,
        "evaluated_users": 500
      },
      "K=20": {
        "precision": 0.045899999999999996,
        "recall": 0.05150646180441616,
        "f1": 0.038756330027674424,
        "hit_rate": 0.54,
        "mrr": 0.2744469098668789,
        "ndcg": 0.0838870909638288,
        "map": 0.03296730481854542,
        "evaluated_users": 500
      }
    },
    "Collaborative": {
      "K=5": {
        "precision": 0.1144,
        "recall": 0.02929659469406802,
        "f1": 0.03885609588635668,
        "hit_rate": 0.42,
        "mrr": 0.2366666666666667,
        "ndcg": 0.12015562626422159,
        "map": 0.06740277777777777,
        "evaluated_users": 500
      },
      "K=10": {
        "precision": 0.09320000000000002,
        "recall": 0.045648007909987624,
        "f1": 0.0488686375466321,
        "hit_rate": 0.554,
        "mrr": 0.2549388888888889,
        "ndcg": 0.10931324200814244,
        "map": 0.04780277777777778,
        "evaluated_users": 500
      },
      "K=20": {
        "precision": 0.0804,
        "recall": 0.07649324488127786,
        "f1": 0.06189679798923437,
        "hit_rate": 0.696,
        "mrr": 0.26496281556420875,
        "ndcg": 0.10770708064311663,
        "map": 0.0378620728511193,
        "evaluated_users": 500
      }
    },
    "Implicit": {
      "K=5": {
        "precision": 0.3052,
        "recall": 0.07548947505614438,
        "f1": 0.10434313218083086,
        "hit_rate": 0.74,
        "mrr": 0.4998666666666667,
        "ndcg": 0.3183149490358983,
        "map": 0.21737,
        "evaluated_users": 500
      },
      "K=10": {
        "precision": 0.26520000000000005,
        "recall": 0.13141808253847484,
        "f1": 0.14319615840364888,
        "hit_rate": 0.856,
        "mrr": 0.5158365079365079,
        "ndcg": 0.29776976685359974,
        "map": 0.16941856922398588,
        "evaluated_users": 500
      },
      "K=20": {
        "precision": 0.2362,
        "recall": 0.21040898965596472,
        "f1": 0.18076964456392652,
        "hit_rate": 0.92,
        "mrr": 0.5203060293421748,
        "ndcg": 0.29663700644502206,
        "map": 0.14450303432635012,
        "evaluated_users": 500
      }
    },
    "Popularity": {
      "K=5": {
        "precision": 0.06480000000000001,
        "recall": 0.015724564839157046,
        "f1": 0.021824043951094885,
        "hit_rate": 0.266,
        "mrr": 0.16903333333333334,
        "ndcg": 0.07508266250909315,
        "map": 0.04101333333333333,
        "evaluated_users": 500
      },
      "K=10": {
        "precision": 0.0502,
        "recall": 0.02191519532598365,
        "f1": 0.025476364193678377,
        "hit_rate": 0.352,
        "mrr": 0.1803777777777778,
        "ndcg": 0.06340949276768579,
        "map": 0.026254285714285716,
        "evaluated_users": 500
      },
      "K=20": {
        "precision": 0.04290000000000001,
        "recall": 0.03923978252906042,
        "f1": 0.033270960701245696,
        "hit_rate": 0.506,
        "mrr": 0.19097922342535345,
        "ndcg": 0.05993764582630936,
        "map": 0.01903229692859982,
        "evaluated_users": 500
      }
    },
    "Hybrid": {
      "K=5": {
        "precision": 0.1748,
        "recall": 0.04776326037568091,
        "f1": 0.0643071435360819,
        "hit_rate": 0.584,
        "mrr": 0.3436,
        "ndcg": 0.18529718380842905,
        "map": 0.11123833333333334,
        "evaluated_users": 500
      },
      "K=10": {
        "precision": 0.17320000000000002,
        "recall": 0.09358578459416081,
        "f1": 0.10002196791869516,
        "hit_rate": 0.77,
        "mrr": 0.36869206349206346,
        "ndcg": 0.18986291176075357,
        "map": 0.0899468716931217,
        "evaluated_users": 500
      },
      "K=20": {
        "precision": 0.1765,
        "recall": 0.17079209158132008,
        "f1": 0.1438557884265865,
        "hit_rate": 0.902,
        "mrr": 0.3785326562240649,
        "ndcg": 0.21011445739883733,
        "map": 0.0852495633469935,
        "evaluated_users": 500
      }
    }
  },
  "total_time": "3427.41s"
}